{
  // general information
  "genInfo": {
    // path of input video frame
    "inFrmPth": "./data/frm.jpg",
    // path of output text file of camera matrix
    "outCamMatPth": "./data/calibration.txt",
    // path of output display image of camera calibration, necessary when outCalDispFlg = 1
    "outCalDispPth": "./data/calibration.jpg",
    // flag of output display image of camera calibration
    "outCalDispFlg": 1,
    // resized video frame height (negative: original size)
    "rszFrmHei": -1
  },
  // camera calibration
  "camCal": {
    // flag of selecting 2D points on the frame image
    "calSel2dPtFlg": 0,
    // input sequence of 2D points on the ground plane, necessary when calSel2dPtFlg = 0
    "cal2dPtLs": [
        [656.9756097560975,565.5853658536585],
        [714.2926829268292,461.92682926829264],
        [1294.780487804878,561.9268292682926],
        [1235.0243902439024,453.390243902439],
        [1438.6829268292681,553.390243902439],
        [1356.9756097560974,455.82926829268285],
        [1855.7560975609754,538.7560975609756],
        [1738.6829268292681,453.390243902439]  
    ],
    // input sequence of 3D points on the ground plane
    "cal3dPtLs": [
        [-13.522891211174064, -71.9613623351465],
        [-13.52287291604735, -71.96140192709663],
        [-13.52280771980982, -71.96133353076591],
        [-13.522791420747657, -71.96137644611068],
        [-13.522784901122476, -71.96132883690007],
        [-13.52277186187158, -71.96136839948352],
        [-13.522702753829927, -71.96130134425734],
        [-13.522687106723358, -71.96134291849758]        
    ],
    // method used to computed the camera matrix: 0 - a regular method using all the points; 4 - Least-Median robust method; 8 - RANSAC-based robust method; -1 - Optimum method with minimum reprojection error
    "calTyp": -1,
    // maximum allowed reprojection error to treat a point pair as an inlier, necessary when calTyp = 8
    "calRansacReprojThld": 100.0,
    // dimension of the grid on the ground plane to display
    "calDispGrdDim": [ 10, 10 ],
    // flag of camera undistortion (if 1, require initial intrinsic camera parameters)
    "calDistFlg": 0,
    // input distortion coefficients, necessary when calDistFlg = 1
    "calDistCoeff": [ 0.0, 0.0, 0.0, 0.0 ],
    // focal length(s) of the camera intrinsic matrix, necessary when calDistFlg = 1
    "calFocLen": [ -1 ],
    // principal point of the camera intrinsic matrix, necessary when calDistFlg = 1
    "calPrinPt": [ -1, -1 ]
  }
}
