{
  // general information
  "genInfo": {
    // path of input video frame
    "inFrmPth": "./data/frm.jpg",
    // path of output text file of camera matrix
    "outCamMatPth": "./data/calibration.txt",
    // path of output display image of camera calibration, necessary when outCalDispFlg = 1
    "outCalDispPth": "./data/calibration.jpg",
    // flag of output display image of camera calibration
    "outCalDispFlg": 1,
    // resized video frame height (negative: original size)
    "rszFrmHei": -1
  },
  // camera calibration
  "camCal": {
    // flag of selecting 2D points on the frame image
    "calSel2dPtFlg": 0,
    // input sequence of 2D points on the ground plane, necessary when calSel2dPtFlg = 0
    "cal2dPtLs": [
        [758.7886178861788,382.2682926829268],
        [310.0081300813008,355.4390243902439],
        [1266.918699186992,402.5934959349594],
        [357.1626016260163,289.5853658536585],
        [505.130081300813,148.1219512195122],
        [757.9756097560976,295.2764227642277],
        [107.56910569105692,549.7479674796748],
        [1012.4471544715448,392.8373983739838] 
    ],
    // input sequence of 3D points on the ground plane
    "cal3dPtLs": [
        [-13.527383105184759, -71.9456874416257],
        [-13.527275533416349, -71.94567470110572],
        [-13.527477763290708, -71.94569384406707],
        [-13.527278266506919, -71.94562209505568], 
        [-13.527310863897892, -71.94549133729448],
        [-13.527386364942478, -71.94564117350728],
        [-13.52725336707521, -71.9457625434303],
        [-13.52743200144712, -71.94569213550794]
    ],
    // method used to computed the camera matrix: 0 - a regular method using all the points; 4 - Least-Median robust method; 8 - RANSAC-based robust method; -1 - Optimum method with minimum reprojection error
    "calTyp": -1,
    // maximum allowed reprojection error to treat a point pair as an inlier, necessary when calTyp = 8
    "calRansacReprojThld": 100.0,
    // dimension of the grid on the ground plane to display
    "calDispGrdDim": [ 10, 10 ],
    // flag of camera undistortion (if 1, require initial intrinsic camera parameters)
    "calDistFlg": 0,
    // input distortion coefficients, necessary when calDistFlg = 1
    "calDistCoeff": [ 0.0, 0.0, 0.0, 0.0 ],
    // focal length(s) of the camera intrinsic matrix, necessary when calDistFlg = 1
    "calFocLen": [ -1 ],
    // principal point of the camera intrinsic matrix, necessary when calDistFlg = 1
    "calPrinPt": [ -1, -1 ]
  }
}
